{
    "spec": {
        "_tasks": [
            {
                "structure": {
                    "@module": "pymatgen.core.structure",
                    "@class": "Structure",
                    "charge": null,
                    "lattice": {
                        "matrix": [
                            [
                                3.36349203,
                                0.0,
                                1.94191303
                            ],
                            [
                                1.12116401,
                                3.1711307,
                                1.94191303
                            ],
                            [
                                0.0,
                                0.0,
                                3.88382606
                            ]
                        ],
                        "a": 3.883826058406491,
                        "b": 3.8838260607145565,
                        "c": 3.88382606,
                        "alpha": 60.000000006086104,
                        "beta": 59.9999999864276,
                        "gamma": 60.00000001061024,
                        "volume": 41.425171636521824
                    },
                    "sites": [
                        {
                            "species": [
                                {
                                    "element": "F",
                                    "occu": 1
                                }
                            ],
                            "abc": [
                                0.75,
                                0.75,
                                0.75
                            ],
                            "xyz": [
                                3.36349203,
                                2.378348025,
                                5.82573909
                            ],
                            "label": "F",
                            "properties": {
                                "magmom": 0.0
                            }
                        },
                        {
                            "species": [
                                {
                                    "element": "F",
                                    "occu": 1
                                }
                            ],
                            "abc": [
                                0.25,
                                0.25,
                                0.25
                            ],
                            "xyz": [
                                1.12116401,
                                0.792782675,
                                1.94191303
                            ],
                            "label": "F",
                            "properties": {
                                "magmom": 0.0
                            }
                        },
                        {
                            "species": [
                                {
                                    "element": "Cd",
                                    "occu": 1
                                }
                            ],
                            "abc": [
                                0.0,
                                0.0,
                                0.0
                            ],
                            "xyz": [
                                0.0,
                                0.0,
                                0.0
                            ],
                            "label": "Cd",
                            "properties": {
                                "magmom": 0.0
                            }
                        }
                    ]
                },
                "vasp_input_set": {
                    "@module": "pymatgen.io.vasp.sets",
                    "@class": "LobsterSet",
                    "@version": "2020.1.28",
                    "structure": {
                        "@module": "pymatgen.core.structure",
                        "@class": "Structure",
                        "charge": null,
                        "lattice": {
                            "matrix": [
                                [
                                    3.36349203,
                                    0.0,
                                    1.94191303
                                ],
                                [
                                    1.12116401,
                                    3.1711307,
                                    1.94191303
                                ],
                                [
                                    0.0,
                                    0.0,
                                    3.88382606
                                ]
                            ],
                            "a": 3.883826058406491,
                            "b": 3.8838260607145565,
                            "c": 3.88382606,
                            "alpha": 60.000000006086104,
                            "beta": 59.9999999864276,
                            "gamma": 60.00000001061024,
                            "volume": 41.425171636521824
                        },
                        "sites": [
                            {
                                "species": [
                                    {
                                        "element": "Cd",
                                        "occu": 1
                                    }
                                ],
                                "abc": [
                                    0.0,
                                    0.0,
                                    0.0
                                ],
                                "xyz": [
                                    0.0,
                                    0.0,
                                    0.0
                                ],
                                "label": "Cd",
                                "properties": {
                                    "magmom": 0.0
                                }
                            },
                            {
                                "species": [
                                    {
                                        "element": "F",
                                        "occu": 1
                                    }
                                ],
                                "abc": [
                                    0.75,
                                    0.75,
                                    0.75
                                ],
                                "xyz": [
                                    3.36349203,
                                    2.378348025,
                                    5.82573909
                                ],
                                "label": "F",
                                "properties": {
                                    "magmom": 0.0
                                }
                            },
                            {
                                "species": [
                                    {
                                        "element": "F",
                                        "occu": 1
                                    }
                                ],
                                "abc": [
                                    0.25,
                                    0.25,
                                    0.25
                                ],
                                "xyz": [
                                    1.12116401,
                                    0.792782675,
                                    1.94191303
                                ],
                                "label": "F",